id,input,output,source,letter,language,notes
1,Ada ya mja hunena muungwana ni kitendo,The behavior of a person shows whether they are a gentleman.,https://mhariri.com/kamusi/learn-swahili/proverbs-in-swahili-and-their-translations-and-meanings/,A,sw,
2,Adhabu ya kaburi aijuaye maiti,Only the dead know the punishment of the grave.,https://mhariri.com/kamusi/learn-swahili/proverbs-in-swahili-and-their-translations-and-meanings/,A,sw,
3,"Adui wa mtu ni mtu, adui mpende, adui aangukapo mnyanyue","An enemy is still a person. Love your enemy, and help them up when they fall.",https://mhariri.com/kamusi/learn-swahili/proverbs-in-swahili-and-their-translations-and-meanings/,A,sw,
4,Afadhali ya Musa kuliko ya Firauni,It is better to be poor than rich if you are unhappy.,https://mhariri.com/kamusi/learn-swahili/proverbs-in-swahili-and-their-translations-and-meanings/,A,sw,
5,Afya ni bora kuliko mali,Health is more important than wealth.,https://mhariri.com/kamusi/learn-swahili/proverbs-in-swahili-and-their-translations-and-meanings/,A,sw,
6,Ahadi ni deni,A promise is a debt.,https://mhariri.com/kamusi/learn-swahili/proverbs-in-swahili-and-their-translations-and-meanings/,A,sw,
7,Aibu ya maiti aijuaye mwosha,Only the person who washes the corpse knows its shame.,https://mhariri.com/kamusi/learn-swahili/proverbs-in-swahili-and-their-translations-and-meanings/,A,sw,
8,Aisifuye mvua imemnyea,He who praises rain has been rained on.,https://mhariri.com/kamusi/learn-swahili/proverbs-in-swahili-and-their-translations-and-meanings/,A,sw,
9,Alisifuye jua limemwangaza,He who praises the sun has been warmed by it.,https://mhariri.com/kamusi/learn-swahili/proverbs-in-swahili-and-their-translations-and-meanings/,A,sw,
10,Ajali haina kinga,Accidents cannot be prevented.,https://mhariri.com/kamusi/learn-swahili/proverbs-in-swahili-and-their-translations-and-meanings/,A,sw,
11,Ajizi ni nyumba ya njaa,Laziness is the home of hunger.,https://mhariri.com/kamusi/learn-swahili/proverbs-in-swahili-and-their-translations-and-meanings/,A,sw,
12,"Akiba halozi, akiba si mbi ijapokuwa ya kumbi, siku ya kivumbi hutiwa motoni","Savings are not bad, even if they are only coconut fibres. On the day of the storm, they will be put to the test.",https://mhariri.com/kamusi/learn-swahili/proverbs-in-swahili-and-their-translations-and-meanings/,A,sw,
13,"Akili ni mali, akili nyingi huondoa maarifa","Knowledge is wealth, but too much knowledge can lead to a loss of understanding.",https://mhariri.com/kamusi/learn-swahili/proverbs-in-swahili-and-their-translations-and-meanings/,A,sw,
14,Akili ni nywele kila mtu ana zake,Everyone has their own intelligence.,https://mhariri.com/kamusi/learn-swahili/proverbs-in-swahili-and-their-translations-and-meanings/,A,sw,
15,Akili nyingi huondoa maarifa,Too much knowledge can lead to a loss of understanding.,https://mhariri.com/kamusi/learn-swahili/proverbs-in-swahili-and-their-translations-and-meanings/,A,sw,
16,Akufaaye kwa dhiki ndiye rafiki,A true friend is someone who is there for you in times of trouble.,https://mhariri.com/kamusi/learn-swahili/proverbs-in-swahili-and-their-translations-and-meanings/,A,sw,
17,"Akutendaye mtende, mche asiyekutenda","He who does you good, do for him good and who does you wrong, ignore them.",https://mhariri.com/kamusi/learn-swahili/proverbs-in-swahili-and-their-translations-and-meanings/,A,sw,
18,Aliye juu mngoje chini,He who is on top will eventually come down.,https://mhariri.com/kamusi/learn-swahili/proverbs-in-swahili-and-their-translations-and-meanings/,A,sw,
19,Aliye kando haangukiwi na mti,He who is standing far from the tree will not be fallen down by it.,https://mhariri.com/kamusi/learn-swahili/proverbs-in-swahili-and-their-translations-and-meanings/,A,sw,
20,Aliyekula kitovu chako hatakuachia utumbo,He who has eaten your navel will not leave you with a stomach.,https://mhariri.com/kamusi/learn-swahili/proverbs-in-swahili-and-their-translations-and-meanings/,A,sw,
21,Aliyekunyima kunde/mbaazi amekupungunguzia mashuzi,He who has denied you beans has reduced your stew.,https://mhariri.com/kamusi/learn-swahili/proverbs-in-swahili-and-their-translations-and-meanings/,A,sw,
22,Aliyekunyoa shungi kakupunguzia kuchana,He who has shaved your hair has reduced your combing.,https://mhariri.com/kamusi/learn-swahili/proverbs-in-swahili-and-their-translations-and-meanings/,A,sw,
23,Aliyetota hajui kutota,He who has not experienced something does not know how to deal with it.,https://mhariri.com/kamusi/learn-swahili/proverbs-in-swahili-and-their-translations-and-meanings/,A,sw,
24,Aliyeumawa na nyoka akiona unyasi hushituka,He who has been bitten by a snake is startled by the sight of grass.,https://mhariri.com/kamusi/learn-swahili/proverbs-in-swahili-and-their-translations-and-meanings/,A,sw,
25,Amani haipatikani ila kwa ncha ya upanga,Peace can only be achieved through violence.,https://mhariri.com/kamusi/learn-swahili/proverbs-in-swahili-and-their-translations-and-meanings/,A,sw,
26,Amnyimaye punda adesi ampunguzia mashuzi,He who has denied the donkey a saddle has reduced its load.,https://mhariri.com/kamusi/learn-swahili/proverbs-in-swahili-and-their-translations-and-meanings/,A,sw,
27,Anayemwamini Mungu si mtovu,He who believes in God is not dishonest.,https://mhariri.com/kamusi/learn-swahili/proverbs-in-swahili-and-their-translations-and-meanings/,A,sw,
28,Angalipaa juu kipungu kamwe hafiki mbinguni,"Even if a small ant jumps high, it will never reach the sky.",https://mhariri.com/kamusi/learn-swahili/proverbs-in-swahili-and-their-translations-and-meanings/,A,sw,
29,"Angurumapo Simba, mcheza nani? (Who will dare to challenge the lion when it roars?) Asio mali, hasidi wa mwenye mali",He who has no wealth is envious of the wealthy.,https://mhariri.com/kamusi/learn-swahili/proverbs-in-swahili-and-their-translations-and-meanings/,A,sw,
30,Asiye na bahati habahatiki,He who has no luck is not lucky.,https://mhariri.com/kamusi/learn-swahili/proverbs-in-swahili-and-their-translations-and-meanings/,A,sw,
31,Asiye na mwana aeleke jiwe,He who has no child should adopt a stone.,https://mhariri.com/kamusi/learn-swahili/proverbs-in-swahili-and-their-translations-and-meanings/,A,sw,
32,Asiyejua utu si mtu,He who does not know humanity is not a person.,https://mhariri.com/kamusi/learn-swahili/proverbs-in-swahili-and-their-translations-and-meanings/,A,sw,
33,Asiyekubali kushindwa si mshindani,One who does not accept defeat is not a competitor.,https://mhariri.com/kamusi/learn-swahili/proverbs-in-swahili-and-their-translations-and-meanings/,A,sw,
34,Asiyesafiri husifu upishi wa mama yake tu,One who does not travel praises only his mother’s cooking.,https://mhariri.com/kamusi/learn-swahili/proverbs-in-swahili-and-their-translations-and-meanings/,A,sw,
35,Asiyesikia la mkuu huvunjika guu,One who does not listen to the older people’s advice will break his leg.,https://mhariri.com/kamusi/learn-swahili/proverbs-in-swahili-and-their-translations-and-meanings/,A,sw,
36,Atangaye na jua hujua,One who travels with the sun knows.,https://mhariri.com/kamusi/learn-swahili/proverbs-in-swahili-and-their-translations-and-meanings/,A,sw,
37,Avumaye baharini papa kumbe wengine wapo,"One who rules the ocean is sharks, but there are others too.",https://mhariri.com/kamusi/learn-swahili/proverbs-in-swahili-and-their-translations-and-meanings/,A,sw,
38,Awali ni awali hakuna awali mbovu,"The beginning is the beginning, there is no bad beginning.",https://mhariri.com/kamusi/learn-swahili/proverbs-in-swahili-and-their-translations-and-meanings/,A,sw,
39,Baada ya dhiki faraja,After hardship comes relief.,https://mhariri.com/kamusi/learn-swahili/proverbs-in-swahili-and-their-translations-and-meanings/,B,sw,
40,Bahati ya mwenzio usiilalie mlango wazi,Do not covet your neighbor’s fortune.,https://mhariri.com/kamusi/learn-swahili/proverbs-in-swahili-and-their-translations-and-meanings/,B,sw,
41,Balaa hukutia mtu wako,Misfortune befalls your own.,https://mhariri.com/kamusi/learn-swahili/proverbs-in-swahili-and-their-translations-and-meanings/,B,sw,
42,Bandu bandu humaliza gogo,The anthill eats up the log.,https://mhariri.com/kamusi/learn-swahili/proverbs-in-swahili-and-their-translations-and-meanings/,B,sw,
43,Baniani mbaya kiatu chake dawa,Even a bad Indian has a good pair of shoes.,https://mhariri.com/kamusi/learn-swahili/proverbs-in-swahili-and-their-translations-and-meanings/,B,sw,
44,Bao nene si chuma chembamba,A thick timber is not a thin metal.,https://mhariri.com/kamusi/learn-swahili/proverbs-in-swahili-and-their-translations-and-meanings/,B,sw,
45,Barua ya moyo husomwa juu ya panda la uso,The letter of the heart is read on the forehead.,https://mhariri.com/kamusi/learn-swahili/proverbs-in-swahili-and-their-translations-and-meanings/,B,sw,
46,Bendera hufuata upepo,The flag follows the wind.,https://mhariri.com/kamusi/learn-swahili/proverbs-in-swahili-and-their-translations-and-meanings/,B,sw,
47,"Bilashi, bilashi, katu haitoshi","A little bit, a little bit, is never enough.",https://mhariri.com/kamusi/learn-swahili/proverbs-in-swahili-and-their-translations-and-meanings/,B,sw,
48,Binadamu ni kama kilihafu hakosi uchafu,"Human beings are like a cooking pot, they never lack dirt.",https://mhariri.com/kamusi/learn-swahili/proverbs-in-swahili-and-their-translations-and-meanings/,B,sw,
49,Bura yangu sibadili kwa rehani,I would not trade my things for other people’s things.,https://mhariri.com/kamusi/learn-swahili/proverbs-in-swahili-and-their-translations-and-meanings/,B,sw,
50,Chanda chema huvikwa pete,A good thing is adorned with an award.,https://mhariri.com/kamusi/learn-swahili/proverbs-in-swahili-and-their-translations-and-meanings/,C,sw,
51,"Chelewa chelewa, utakuta mwana si wako","If you delay, you will find that nothing waits for you.",https://mhariri.com/kamusi/learn-swahili/proverbs-in-swahili-and-their-translations-and-meanings/,C,sw,
52,Chombo kilichopikiwa samaki hakiachi kunuka vumba,A pot that has cooked fish does not stop smelling of smoke.,https://mhariri.com/kamusi/learn-swahili/proverbs-in-swahili-and-their-translations-and-meanings/,C,sw,
53,Chovya chovya humaliza buyu la asali,Tasting now and again will finish the honey jar.,https://mhariri.com/kamusi/learn-swahili/proverbs-in-swahili-and-their-translations-and-meanings/,C,sw,
54,Chungu kidogo huchemka upesi,A small pot boils quickly.,https://mhariri.com/kamusi/learn-swahili/proverbs-in-swahili-and-their-translations-and-meanings/,C,sw,
55,Chururu si ndondondo,A drop is not a flood.,https://mhariri.com/kamusi/learn-swahili/proverbs-in-swahili-and-their-translations-and-meanings/,C,sw,
56,Dalili ya mvua ni mawingu,A sign of rain is clouds.,https://mhariri.com/kamusi/learn-swahili/proverbs-in-swahili-and-their-translations-and-meanings/,D,sw,
57,Damu ni nzito kuliko maji,Blood is thicker than water.,https://mhariri.com/kamusi/learn-swahili/proverbs-in-swahili-and-their-translations-and-meanings/,D,sw,
58,Dau la mnyonge haliendi joshi likienda joshi ni matakwa ya Mungu,"The weak person’s boat does not go far, if it goes far it is God’s will.",https://mhariri.com/kamusi/learn-swahili/proverbs-in-swahili-and-their-translations-and-meanings/,D,sw,
59,Dawa ya deni kulipa,The cure for debt is to pay it.,https://mhariri.com/kamusi/learn-swahili/proverbs-in-swahili-and-their-translations-and-meanings/,D,sw,
60,Dawa ya jipu kulipasua,The cure for a boil is to lance it.,https://mhariri.com/kamusi/learn-swahili/proverbs-in-swahili-and-their-translations-and-meanings/,D,sw,
61,Dawa ya moto ni moto,The cure for fire is fire.,https://mhariri.com/kamusi/learn-swahili/proverbs-in-swahili-and-their-translations-and-meanings/,D,sw,
62,Debe shinda haliachi kutika,A full basket does not stop leaking.,https://mhariri.com/kamusi/learn-swahili/proverbs-in-swahili-and-their-translations-and-meanings/,D,sw,
63,Debe tupu haliachi kuvuma,An empty container does not stop making noise.,https://mhariri.com/kamusi/learn-swahili/proverbs-in-swahili-and-their-translations-and-meanings/,D,sw,
64,Domo kaya samli kwa mwenye ngombe,A person who talks a lot is a blessing to a cattle owner.,https://mhariri.com/kamusi/learn-swahili/proverbs-in-swahili-and-their-translations-and-meanings/,D,sw,
65,Dondandugu halina dawa,An incurable sore has no cure.,https://mhariri.com/kamusi/learn-swahili/proverbs-in-swahili-and-their-translations-and-meanings/,D,sw,
66,Dua la kuku halimpati mwewe,A chicken’s prayer does not reach the eagle.,https://mhariri.com/kamusi/learn-swahili/proverbs-in-swahili-and-their-translations-and-meanings/,D,sw,
67,Dunia hadaa ulimwengu shujaa,The world is a deceit; the universe is a hero.,https://mhariri.com/kamusi/learn-swahili/proverbs-in-swahili-and-their-translations-and-meanings/,D,sw,
68,Eda ni ada yenye faida,A wife’s period of mourning after death or divorce of husband is a fee with benefits.,https://mhariri.com/kamusi/learn-swahili/proverbs-in-swahili-and-their-translations-and-meanings/,E,sw,
69,Fadhila mpe mama na Mola atakubariki,Show kindness to your mother and God will bless you.,https://mhariri.com/kamusi/learn-swahili/proverbs-in-swahili-and-their-translations-and-meanings/,F,sw,
70,Fadhila za punda mashuzi,Kindness from a donkey is useless.,https://mhariri.com/kamusi/learn-swahili/proverbs-in-swahili-and-their-translations-and-meanings/,F,sw,
71,Fadhili ukitenda usingoje shukrani,Do good deeds without expecting thanks.,https://mhariri.com/kamusi/learn-swahili/proverbs-in-swahili-and-their-translations-and-meanings/,F,sw,
72,Fahari isiyo na ari haina heri,Pride without effort is useless.,https://mhariri.com/kamusi/learn-swahili/proverbs-in-swahili-and-their-translations-and-meanings/,F,sw,
73,Fimbo ya mbali haiuwi nyoka,A stick from afar cannot kill a snake.,https://mhariri.com/kamusi/learn-swahili/proverbs-in-swahili-and-their-translations-and-meanings/,F,sw,
74,Fumbo mfumbie mjinga mwerevu huling’amua,Give a fool a riddle and it will be solved by a wise man.,https://mhariri.com/kamusi/learn-swahili/proverbs-in-swahili-and-their-translations-and-meanings/,F,sw,
75,Funika kombe mwanaharamu apite,Cover the pot so the thief can pass by.,https://mhariri.com/kamusi/learn-swahili/proverbs-in-swahili-and-their-translations-and-meanings/,F,sw,
76,Ganda la muwa la jana chungu kaona kivuno,Yesterday’s sugarcane husk is a source of pride for the ant.,https://mhariri.com/kamusi/learn-swahili/proverbs-in-swahili-and-their-translations-and-meanings/,G,sw,
77,Ghururi na binadamu hawaachani,Pride and humans never part ways.,https://mhariri.com/kamusi/learn-swahili/proverbs-in-swahili-and-their-translations-and-meanings/,G,sw,
78,Ghushi dhahabu na shaba dhambi na dhawabu havighushiki,Fake gold and copper are not as valuable as real gold and copper.,https://mhariri.com/kamusi/learn-swahili/proverbs-in-swahili-and-their-translations-and-meanings/,G,sw,
79,Haba na haba hujaza kibaba,"Little by little, the calabash fills up.",https://mhariri.com/kamusi/learn-swahili/proverbs-in-swahili-and-their-translations-and-meanings/,H,sw,
80,Hadhari kabla ya hatari,Be careful before danger strikes.,https://mhariri.com/kamusi/learn-swahili/proverbs-in-swahili-and-their-translations-and-meanings/,H,sw,
81,Hakuna bamvua lisilo usubi,There is no a good thing without a defect.,https://mhariri.com/kamusi/learn-swahili/proverbs-in-swahili-and-their-translations-and-meanings/,H,sw,
82,Hakuna marefu yasiyokuwa na ncha,There is no length without an end.,https://mhariri.com/kamusi/learn-swahili/proverbs-in-swahili-and-their-translations-and-meanings/,H,sw,
83,Hakuna masika yasiyokuwa na mbu,There is no rainy season without mosquitoes.,https://mhariri.com/kamusi/learn-swahili/proverbs-in-swahili-and-their-translations-and-meanings/,H,sw,
84,Hakuna ziada mbovu,There is no such thing as too much.,https://mhariri.com/kamusi/learn-swahili/proverbs-in-swahili-and-their-translations-and-meanings/,H,sw,
85,Hamadi kibindo ni silaha iliyo mkononi,A ready-made plan is a weapon in the hand.,https://mhariri.com/kamusi/learn-swahili/proverbs-in-swahili-and-their-translations-and-meanings/,H,sw,
86,Hapana maji yasiyo na mawimbi,There is no water without waves.,https://mhariri.com/kamusi/learn-swahili/proverbs-in-swahili-and-their-translations-and-meanings/,H,sw,
87,Haraka haraka haina baraka,Haste has no blessings.,https://mhariri.com/kamusi/learn-swahili/proverbs-in-swahili-and-their-translations-and-meanings/,H,sw,
88,Hasira hasara,Anger is a loss.,https://mhariri.com/kamusi/learn-swahili/proverbs-in-swahili-and-their-translations-and-meanings/,H,sw,
89,Hasira ya mkizi furahaya mvuvi,The anger of the mullet fish is a joy to the fisherman.,https://mhariri.com/kamusi/learn-swahili/proverbs-in-swahili-and-their-translations-and-meanings/,H,sw,
90,Hatua moja hufupisha safari,One step shortens the journey.,https://mhariri.com/kamusi/learn-swahili/proverbs-in-swahili-and-their-translations-and-meanings/,H,sw,
91,Heri kujikwaa kidole kuliko ulimi,Better to stumble with the finger than with the tongue.,https://mhariri.com/kamusi/learn-swahili/proverbs-in-swahili-and-their-translations-and-meanings/,H,sw,
92,Heri mchawi kuliko mtu fitina,It is better to be a witch than a troublemaker.,https://mhariri.com/kamusi/learn-swahili/proverbs-in-swahili-and-their-translations-and-meanings/,H,sw,
93,Heri nusu shari kuliko shari kamili,It is better to have half of a bad thing than all of it.,https://mhariri.com/kamusi/learn-swahili/proverbs-in-swahili-and-their-translations-and-meanings/,H,sw,
94,Hewala! si utumwa,Accepting what someone else tells you is not slavery.,https://mhariri.com/kamusi/learn-swahili/proverbs-in-swahili-and-their-translations-and-meanings/,H,sw,
95,Hindi ndiko kwenye nguo na wendao uchi wako,There are a lot of clothes in India but there are people who walk naked there.,https://mhariri.com/kamusi/learn-swahili/proverbs-in-swahili-and-their-translations-and-meanings/,H,sw,
96,Huenda umaskini ukakaribia ukafiri,Poverty can be same as disbelief.,https://mhariri.com/kamusi/learn-swahili/proverbs-in-swahili-and-their-translations-and-meanings/,H,sw,
97,Hukutia mtu wako,Yor enemy is the one who is close to you.,https://mhariri.com/kamusi/learn-swahili/proverbs-in-swahili-and-their-translations-and-meanings/,H,sw,
98,Ibilisi wa mtu ni mtu,The devil of a person is a person.,https://mhariri.com/kamusi/learn-swahili/proverbs-in-swahili-and-their-translations-and-meanings/,I,sw,
99,Ingiwa na shake,Crying alot.,https://mhariri.com/kamusi/learn-swahili/proverbs-in-swahili-and-their-translations-and-meanings/,I,sw,
100,Inuka twende ni kwa waaganao,"Get up, let’s go; it’s for those who bid farewell.",https://mhariri.com/kamusi/learn-swahili/proverbs-in-swahili-and-their-translations-and-meanings/,I,sw,
101,Ivushayo ni mbovu,The item that helped you to overcome your trouble is bad afterwards.,https://mhariri.com/kamusi/learn-swahili/proverbs-in-swahili-and-their-translations-and-meanings/,I,sw,
102,Jambo la ukucha halichukuliwi shoka,A task that can be done with a hand should not be done with a hoe.,https://mhariri.com/kamusi/learn-swahili/proverbs-in-swahili-and-their-translations-and-meanings/,J,sw,
103,Jaribu huleta fanaka,Trying brings success.,https://mhariri.com/kamusi/learn-swahili/proverbs-in-swahili-and-their-translations-and-meanings/,J,sw,
104,Jawabu la kesho andaa leo,Prepare today for tomorrow’s answer.,https://mhariri.com/kamusi/learn-swahili/proverbs-in-swahili-and-their-translations-and-meanings/,J,sw,
105,Jawabu wakatiwe na wakatiwe si zani,The answer is sometimes and sometimes not.,https://mhariri.com/kamusi/learn-swahili/proverbs-in-swahili-and-their-translations-and-meanings/,J,sw,
106,Jimbi wa shamba hawiki mjini,The farm rooster does not crow in the town.,https://mhariri.com/kamusi/learn-swahili/proverbs-in-swahili-and-their-translations-and-meanings/,J,sw,
107,Jino likingoka ukubwani halimei tena,A tooth that is pulled out in adulthood doesn’t grow again.,https://mhariri.com/kamusi/learn-swahili/proverbs-in-swahili-and-their-translations-and-meanings/,J,sw,
108,Jogoo likiwika lisiwikae kutakucha,"Even if the rooster crows or it doesn’t, morning must come.",https://mhariri.com/kamusi/learn-swahili/proverbs-in-swahili-and-their-translations-and-meanings/,J,sw,
109,Jogoo wa shamba hawiki mjini,The farm rooster does not crow in the town.,https://mhariri.com/kamusi/learn-swahili/proverbs-in-swahili-and-their-translations-and-meanings/,J,sw,
110,Kafiri akufaaye si Islamu asiyekufaa,An unbeliever who helps is better than a Muslim who does not help.,https://mhariri.com/kamusi/learn-swahili/proverbs-in-swahili-and-their-translations-and-meanings/,K,sw,
111,Kamba hukatikia pabovu,The rope breaks where it is weak.,https://mhariri.com/kamusi/learn-swahili/proverbs-in-swahili-and-their-translations-and-meanings/,K,sw,
112,Katakata pua uunge wajihi,"Do something even if it’s tough, and it will increase your chances of success.",https://mhariri.com/kamusi/learn-swahili/proverbs-in-swahili-and-their-translations-and-meanings/,K,sw,
113,Katiti ni tamu kingi kina kiembeza,Small is better; More brings harm.,https://mhariri.com/kamusi/learn-swahili/proverbs-in-swahili-and-their-translations-and-meanings/,K,sw,
114,Kazi mbi si mchezo mwema,Bad work is not good.,https://mhariri.com/kamusi/learn-swahili/proverbs-in-swahili-and-their-translations-and-meanings/,K,sw,
115,Kenda fumbata si kumi nenda uje kesho,Be content with what you have.,https://mhariri.com/kamusi/learn-swahili/proverbs-in-swahili-and-their-translations-and-meanings/,K,sw,
116,Kichwa cha kuku hakihimili kilemba,A person of low status cannot be given a position of high honor.,https://mhariri.com/kamusi/learn-swahili/proverbs-in-swahili-and-their-translations-and-meanings/,K,sw,
117,Kidole kimoja hakivunji chawa,It takes more than one person to accomplish a task.,https://mhariri.com/kamusi/learn-swahili/proverbs-in-swahili-and-their-translations-and-meanings/,K,sw,
118,Kifo cha wengi harusi,A tragedy can be an opportunity for others to benefit.,https://mhariri.com/kamusi/learn-swahili/proverbs-in-swahili-and-their-translations-and-meanings/,K,sw,
119,Kila mtoto na koja lake,Every child has their own unique personality.,https://mhariri.com/kamusi/learn-swahili/proverbs-in-swahili-and-their-translations-and-meanings/,K,sw,
120,"Kila mwacha samboye, huenda ali mwanamaji",He who leaves his village may be a sailor.,https://mhariri.com/kamusi/learn-swahili/proverbs-in-swahili-and-their-translations-and-meanings/,K,sw,
121,"Kila mwamba ngoma,huvutia kwake","When people do something, the first does it for their own benefit.",https://mhariri.com/kamusi/learn-swahili/proverbs-in-swahili-and-their-translations-and-meanings/,K,sw,
122,"Kila mwamba ngoma, ngozi huivuta kwake","When people do something, the first does it for their own benefit.",https://mhariri.com/kamusi/learn-swahili/proverbs-in-swahili-and-their-translations-and-meanings/,K,sw,
123,Kila ndege huruka kwa ubawa wake,Every bird flies with its own wings.,https://mhariri.com/kamusi/learn-swahili/proverbs-in-swahili-and-their-translations-and-meanings/,K,sw,
124,Kilichoingia mjini si haramu,What enters the city is not forbidden.,https://mhariri.com/kamusi/learn-swahili/proverbs-in-swahili-and-their-translations-and-meanings/,K,sw,
125,"Kilimia kikizama kwa jua huzuka kwa mvua, kikizama kwa mvua huzuka kwa jua","When a hoe sinks into the ground due to the sun, it will rise up due to the rain.",https://mhariri.com/kamusi/learn-swahili/proverbs-in-swahili-and-their-translations-and-meanings/,K,sw,
126,Kimya kingi kina mshindo mkuu,A lot of silence means something.,https://mhariri.com/kamusi/learn-swahili/proverbs-in-swahili-and-their-translations-and-meanings/,K,sw,
127,Kinyozi hajinyoi akinyoa kujikata,A barber does not shave himself.,https://mhariri.com/kamusi/learn-swahili/proverbs-in-swahili-and-their-translations-and-meanings/,K,sw,
128,Kinywa ni jumba la maneno,The mouth is a house of words.,https://mhariri.com/kamusi/learn-swahili/proverbs-in-swahili-and-their-translations-and-meanings/,K,sw,
129,Kipya kinyemi ingawa kidondo,"The new is always fresh, even though it’s a wound.",https://mhariri.com/kamusi/learn-swahili/proverbs-in-swahili-and-their-translations-and-meanings/,K,sw,
130,Kisebusebu na kiroho ki papo,Some people pretend they don’t need something but they actual need it.,https://mhariri.com/kamusi/learn-swahili/proverbs-in-swahili-and-their-translations-and-meanings/,K,sw,
131,Kitanda usicholala huwajui kunguni wake,You do not know the bedbugs of a bed you have not slept in.,https://mhariri.com/kamusi/learn-swahili/proverbs-in-swahili-and-their-translations-and-meanings/,K,sw,
132,Kitegwacho kukitega kwataka ubongo,Every work needs knowledge and wisdom to do it effectively.,https://mhariri.com/kamusi/learn-swahili/proverbs-in-swahili-and-their-translations-and-meanings/,K,sw,
133,Kivuli cha mgude husaidia walio mbali,The shadow of a tree helps those who are far away.,https://mhariri.com/kamusi/learn-swahili/proverbs-in-swahili-and-their-translations-and-meanings/,K,sw,
134,"Kujikwaa si kuanguka, bali ni kwenda mbele","Stumbles are not falls, but rather steps forward.",https://mhariri.com/kamusi/learn-swahili/proverbs-in-swahili-and-their-translations-and-meanings/,K,sw,
135,Kukopa harusi kulipa matanga,Borrowing money is awesome but paying it back is a great deal.,https://mhariri.com/kamusi/learn-swahili/proverbs-in-swahili-and-their-translations-and-meanings/,K,sw,
136,Kuku havunji yai lake,A chicken does not break its own egg.,https://mhariri.com/kamusi/learn-swahili/proverbs-in-swahili-and-their-translations-and-meanings/,K,sw,
137,Kuku mgeni zawadi za kunguru,A guest chicken is a gift to the crows.,https://mhariri.com/kamusi/learn-swahili/proverbs-in-swahili-and-their-translations-and-meanings/,K,sw,
138,Kula kutamu kulima mavune,"Eating is sweet, but farming is hard work.",https://mhariri.com/kamusi/learn-swahili/proverbs-in-swahili-and-their-translations-and-meanings/,K,sw,
139,Kula ni vyepesi lakini kulima ngo,"Eating is easy, but farming is difficult.",https://mhariri.com/kamusi/learn-swahili/proverbs-in-swahili-and-their-translations-and-meanings/,K,sw,
140,Kula uhondo kwataka matendo,To enjoye excitement requires action.,https://mhariri.com/kamusi/learn-swahili/proverbs-in-swahili-and-their-translations-and-meanings/,K,sw,
141,Kulea mimba si kazi kazi kulea mwana,"Carrying a pregnancy is not work, but raising a child is.",https://mhariri.com/kamusi/learn-swahili/proverbs-in-swahili-and-their-translations-and-meanings/,K,sw,
142,Kunguru mwoga hukimbiza bawa lake,A cowardly crow chases its own wing.,https://mhariri.com/kamusi/learn-swahili/proverbs-in-swahili-and-their-translations-and-meanings/,K,sw,
143,Kutoa ni moyo si utajiri,"Giving is from the heart, not from wealth.",https://mhariri.com/kamusi/learn-swahili/proverbs-in-swahili-and-their-translations-and-meanings/,K,sw,
144,Kutoa ni moyo usambe ni utajiri,"Giving is from the heart, it does require wealth.",https://mhariri.com/kamusi/learn-swahili/proverbs-in-swahili-and-their-translations-and-meanings/,K,sw,
145,Kuvua si kazi kazi ni magawioni,Fishing is not the task; the real task is at the market.,https://mhariri.com/kamusi/learn-swahili/proverbs-in-swahili-and-their-translations-and-meanings/,K,sw,
146,Kuvuja kwa pakacha nafuu kwa mchukuzi,Leakage in the basket benefits the carrier.,https://mhariri.com/kamusi/learn-swahili/proverbs-in-swahili-and-their-translations-and-meanings/,K,sw,
147,Kuzima koleo si mwisho wa uhunzi,Resting is not the end of the work.,https://mhariri.com/kamusi/learn-swahili/proverbs-in-swahili-and-their-translations-and-meanings/,K,sw,
148,Kwa mwari kwaliwa na kwa kungwi nako huliwa,"When you’re assisted, assist back also.",https://mhariri.com/kamusi/learn-swahili/proverbs-in-swahili-and-their-translations-and-meanings/,K,sw,
149,Kwa mwendawazimu kumeingia mlevi,When something goes from bad to worse.,https://mhariri.com/kamusi/learn-swahili/proverbs-in-swahili-and-their-translations-and-meanings/,K,sw,
150,Kwa mwoga huenda kicheko na kwa shujaa huenda kilio,Don’t do things that will land you in trouble.,https://mhariri.com/kamusi/learn-swahili/proverbs-in-swahili-and-their-translations-and-meanings/,K,sw,
151,Kwea iliyo uchungu si uongo ulio mtamu,A bitter truth is better than a sweet lie.,https://mhariri.com/kamusi/learn-swahili/proverbs-in-swahili-and-their-translations-and-meanings/,K,sw,
152,Kwendako mwinyi hurudi mwinyi,"As the saying goes, “What goes around comes around.”",https://mhariri.com/kamusi/learn-swahili/proverbs-in-swahili-and-their-translations-and-meanings/,K,sw,
153,Kwenye udongo hukosi mfinyanzi,There is always a potter where there is clay.,https://mhariri.com/kamusi/learn-swahili/proverbs-in-swahili-and-their-translations-and-meanings/,K,sw,
154,La kuvunda halina ubani,Something that is already spoiled does not need incense.,https://mhariri.com/kamusi/learn-swahili/proverbs-in-swahili-and-their-translations-and-meanings/,L,sw,
155,La mgambo likilia kuna jambo,"When there is a siren, there is something wrong.",https://mhariri.com/kamusi/learn-swahili/proverbs-in-swahili-and-their-translations-and-meanings/,L,sw,
156,Leo ni leo asemaye kesho ni mwongo,"Today is today, whoever says tomorrow is a liar.",https://mhariri.com/kamusi/learn-swahili/proverbs-in-swahili-and-their-translations-and-meanings/,L,sw,
157,Lila na fila havitangamani,Good and bad do not mix.,https://mhariri.com/kamusi/learn-swahili/proverbs-in-swahili-and-their-translations-and-meanings/,L,sw,
158,Lililompata peku na ungo litampata,What happens to a someone may happen to you.,https://mhariri.com/kamusi/learn-swahili/proverbs-in-swahili-and-their-translations-and-meanings/,L,sw,
159,Linalopita hupishwa,What has passed is forgiven.,https://mhariri.com/kamusi/learn-swahili/proverbs-in-swahili-and-their-translations-and-meanings/,L,sw,
160,Mafiga mawili hayainjiki chungu,Unity is strength.,https://mhariri.com/kamusi/learn-swahili/proverbs-in-swahili-and-their-translations-and-meanings/,M,sw,
161,Mafuu hapatilizwi,A fool cannot be cured.,https://mhariri.com/kamusi/learn-swahili/proverbs-in-swahili-and-their-translations-and-meanings/,M,sw,
162,Maisha ni bahati ifumbate,"Life is luck, so take it seriously.",https://mhariri.com/kamusi/learn-swahili/proverbs-in-swahili-and-their-translations-and-meanings/,M,sw,
163,Maji ukiyavulia nguo huna budi kuyaoga,"When you do something, be ready to for its effects.",https://mhariri.com/kamusi/learn-swahili/proverbs-in-swahili-and-their-translations-and-meanings/,M,sw,
164,Maji mafu mvuvi kafu,Something is done good under favorable conditions.,https://mhariri.com/kamusi/learn-swahili/proverbs-in-swahili-and-their-translations-and-meanings/,M,sw,
165,Maji ya nazi hutafuta mvungulio,Good things waits for an opportunity.,https://mhariri.com/kamusi/learn-swahili/proverbs-in-swahili-and-their-translations-and-meanings/,M,sw,
166,Maji yakimwagika hayazoleki,What has passed should be forgotten.,https://mhariri.com/kamusi/learn-swahili/proverbs-in-swahili-and-their-translations-and-meanings/,M,sw,
167,Majuto ni mjukuu huja baada ya kitendo,Regret comes after the act.,https://mhariri.com/kamusi/learn-swahili/proverbs-in-swahili-and-their-translations-and-meanings/,M,sw,
168,Makuukuu ya mwewe si mapya ya kengewa,A hawk’s leftovers are not new to a kite.,https://mhariri.com/kamusi/learn-swahili/proverbs-in-swahili-and-their-translations-and-meanings/,M,sw,
169,Mali bila daftari hupotea bila habari,Wealth without a record disappears without a trace.,https://mhariri.com/kamusi/learn-swahili/proverbs-in-swahili-and-their-translations-and-meanings/,M,sw,
170,Mali ilivunja nguu milima ikalala,When you are wealthy you can do anything.,https://mhariri.com/kamusi/learn-swahili/proverbs-in-swahili-and-their-translations-and-meanings/,M,sw,
171,Mali ya bahili huliwa na mchwa,A miser’s wealth is eaten by ants.,https://mhariri.com/kamusi/learn-swahili/proverbs-in-swahili-and-their-translations-and-meanings/,M,sw,
172,Mama mkwe hafungui mdomo,A mother-in-law should not talk stupidly.,https://mhariri.com/kamusi/learn-swahili/proverbs-in-swahili-and-their-translations-and-meanings/,M,sw,
173,Mambo kangaja huenda yakaja,Bad things will come your way someday.,https://mhariri.com/kamusi/learn-swahili/proverbs-in-swahili-and-their-translations-and-meanings/,M,sw,
174,Mashua ya maskini huzama mtoni,A poor person’s opinion doesn’t go far.,https://mhariri.com/kamusi/learn-swahili/proverbs-in-swahili-and-their-translations-and-meanings/,M,sw,
175,Maskini hana kinyongo,A poor person has no grudge.,https://mhariri.com/kamusi/learn-swahili/proverbs-in-swahili-and-their-translations-and-meanings/,M,sw,
176,Maskini hana rafiki,A poor person has no friends.,https://mhariri.com/kamusi/learn-swahili/proverbs-in-swahili-and-their-translations-and-meanings/,M,sw,
177,"Maskini haokoti, akiokota huambiwa keba","A poor person does not bring change in a society, if he tries, he is criticized.",https://mhariri.com/kamusi/learn-swahili/proverbs-in-swahili-and-their-translations-and-meanings/,M,sw,
178,Mavi usiyoyala wayawingiani kuku? (It is not wise to strife with was has passed) Mavi ya kale hayanuki,The past has no effect on your life.,https://mhariri.com/kamusi/learn-swahili/proverbs-in-swahili-and-their-translations-and-meanings/,M,sw,
179,Mbio za sakafuni huishia ukingoni,Everything has an end.,https://mhariri.com/kamusi/learn-swahili/proverbs-in-swahili-and-their-translations-and-meanings/,M,sw,
180,Mbiu ya mgambo ikilia kuna jambo,"When there is a siren, there is something wrong.",https://mhariri.com/kamusi/learn-swahili/proverbs-in-swahili-and-their-translations-and-meanings/,M,sw,
181,Mbwa wa msasi mkali ni wakali pia,The dogs of a fierce hunter are also fierce.,https://mhariri.com/kamusi/learn-swahili/proverbs-in-swahili-and-their-translations-and-meanings/,M,sw,
182,Mcha Mungu si mtovu,A God-fearing person is not wicked.,https://mhariri.com/kamusi/learn-swahili/proverbs-in-swahili-and-their-translations-and-meanings/,M,sw,
183,Mchagua jembe si mkulima,A person who chooses the hoe is not a farmer.,https://mhariri.com/kamusi/learn-swahili/proverbs-in-swahili-and-their-translations-and-meanings/,M,sw,
184,Mchakacho ujao haulengwi na jiwe,Future troubles are unpredictable and cannot be prevented.,https://mhariri.com/kamusi/learn-swahili/proverbs-in-swahili-and-their-translations-and-meanings/,M,sw,
185,Mchama ago hanyeli huenda akauya papo,"It is not wise to despise one who has helped you, you may need him one day",https://mhariri.com/kamusi/learn-swahili/proverbs-in-swahili-and-their-translations-and-meanings/,M,sw,
186,Mchawi akifichua mirimo ya wachawi huuawa,A witch who reveals the secrets of other witches will be killed.,https://mhariri.com/kamusi/learn-swahili/proverbs-in-swahili-and-their-translations-and-meanings/,M,sw,
187,Mchele mmoja mapishi mbalimbali,A work may be done in many different ways.,https://mhariri.com/kamusi/learn-swahili/proverbs-in-swahili-and-their-translations-and-meanings/,M,sw,
188,Mchelea bahari si msafiri,When you fear you aren’t up for the task.,https://mhariri.com/kamusi/learn-swahili/proverbs-in-swahili-and-their-translations-and-meanings/,M,sw,
189,Mchelea mwana kulia hulia yeye,(Avoiding necessary actions may lead to undesirable consequences.,https://mhariri.com/kamusi/learn-swahili/proverbs-in-swahili-and-their-translations-and-meanings/,M,sw,
190,Mcheza hawi kiwete ngoma yataka matao,(A skilled person does not lose their skills; success requires effort.,https://mhariri.com/kamusi/learn-swahili/proverbs-in-swahili-and-their-translations-and-meanings/,M,sw,
191,Mchimba kisima huingia mwenyewe,One who starts something is responsible for its completion.,https://mhariri.com/kamusi/learn-swahili/proverbs-in-swahili-and-their-translations-and-meanings/,M,sw,
192,Mchonga mwiko hukimbiza mkono wake,A person engaged in mischief may end up being harmed by their actions.,https://mhariri.com/kamusi/learn-swahili/proverbs-in-swahili-and-their-translations-and-meanings/,M,sw,
193,Mchovya asali hachovyi mara moja,A person who indulges in pleasure tends to repeat the experience.,https://mhariri.com/kamusi/learn-swahili/proverbs-in-swahili-and-their-translations-and-meanings/,M,sw,
194,Mdomo siri ya gunda,Words hold the key to understanding.,https://mhariri.com/kamusi/learn-swahili/proverbs-in-swahili-and-their-translations-and-meanings/,M,sw,
195,Meno ya mbwa hayaumani,People who know each other should not harm one another.,https://mhariri.com/kamusi/learn-swahili/proverbs-in-swahili-and-their-translations-and-meanings/,M,sw,
196,Mfa maji haachi kutapatatapa,A desperate person continues seeking solutions.,https://mhariri.com/kamusi/learn-swahili/proverbs-in-swahili-and-their-translations-and-meanings/,M,sw,
197,Mficha uchi hazai,A person who keeps troubles to himself will not find solutions.,https://mhariri.com/kamusi/learn-swahili/proverbs-in-swahili-and-their-translations-and-meanings/,M,sw,
198,Mfinyanzi hulia gaeni,"One’s ability doesn’t help him, but benefits others.",https://mhariri.com/kamusi/learn-swahili/proverbs-in-swahili-and-their-translations-and-meanings/,M,sw,
199,Mgaagaa na upwa hali wali mkavu,A person who seeks will find.,https://mhariri.com/kamusi/learn-swahili/proverbs-in-swahili-and-their-translations-and-meanings/,M,sw,
200,Mganga hajigangi,A doctor does not treat themselves.,https://mhariri.com/kamusi/learn-swahili/proverbs-in-swahili-and-their-translations-and-meanings/,M,sw,
201,Mgema akisifiwa tembo hulitia maji,"When someone is praised, they develop pride.",https://mhariri.com/kamusi/learn-swahili/proverbs-in-swahili-and-their-translations-and-meanings/,M,sw,
202,Mgeni njoo mwenyeji apone,Good news is good to everyone.,https://mhariri.com/kamusi/learn-swahili/proverbs-in-swahili-and-their-translations-and-meanings/,M,sw,
203,Mgomba haushindwi na mkunguwe,A person of strength is not intimidated by others.,https://mhariri.com/kamusi/learn-swahili/proverbs-in-swahili-and-their-translations-and-meanings/,M,sw,
204,Mgonjwa haulizwi dawa,"When someone is clearly in need, help is given without asking.",https://mhariri.com/kamusi/learn-swahili/proverbs-in-swahili-and-their-translations-and-meanings/,M,sw,
205,Miye nyumba ya udongo sihimili vishindo,A fragile situation or relationship cannot endure pressure.,https://mhariri.com/kamusi/learn-swahili/proverbs-in-swahili-and-their-translations-and-meanings/,M,sw,
206,Mkaidi hafaidi hadi siku ya Iddi,Being obstinate brings no advantage.,https://mhariri.com/kamusi/learn-swahili/proverbs-in-swahili-and-their-translations-and-meanings/,M,sw,
207,Mkamia maji hayanywi,A person in a favorable situation may not take advantage of it.,https://mhariri.com/kamusi/learn-swahili/proverbs-in-swahili-and-their-translations-and-meanings/,M,sw,
208,Mkata hana kinyongo,A poor person doesn’t hold grudges.,https://mhariri.com/kamusi/learn-swahili/proverbs-in-swahili-and-their-translations-and-meanings/,M,sw,
209,Mkate mkavu wa nyumbani ni bora kuliko nyama ya shuwa ya pengine,A piece of dry bread from home is better than a roasted piece of meat from someone else’s home.,https://mhariri.com/kamusi/learn-swahili/proverbs-in-swahili-and-their-translations-and-meanings/,M,sw,
210,Mke ni nguo mgomba ni kupalilia,"A wife is an essential part of a home, just as a hoe is crucial for farming.",https://mhariri.com/kamusi/learn-swahili/proverbs-in-swahili-and-their-translations-and-meanings/,M,sw,
211,Mkokoto wa jembe si bure yao,Working hard brings rewards.,https://mhariri.com/kamusi/learn-swahili/proverbs-in-swahili-and-their-translations-and-meanings/,M,sw,
212,Mkono mtupu haulambwi,You can’t get anything with an empty hand.,https://mhariri.com/kamusi/learn-swahili/proverbs-in-swahili-and-their-translations-and-meanings/,M,sw,
213,Mkuki kwa nguruwe mtamu kwa mwanadamu mchungu,Something that is enjoyable to one person can be unpleasant to another.,https://mhariri.com/kamusi/learn-swahili/proverbs-in-swahili-and-their-translations-and-meanings/,M,sw,
214,Mkulima ni mmoja walaji ni wengi,"One person does the work, but many people benefit from it.",https://mhariri.com/kamusi/learn-swahili/proverbs-in-swahili-and-their-translations-and-meanings/,M,sw,
215,Mkwamba hauzai mzabibu,A bad seed will not produce good fruit.,https://mhariri.com/kamusi/learn-swahili/proverbs-in-swahili-and-their-translations-and-meanings/,M,sw,
216,Mkware hajiingilii mwenyewe,A person can do better with the help of others.,https://mhariri.com/kamusi/learn-swahili/proverbs-in-swahili-and-their-translations-and-meanings/,M,sw,
217,Mla mbuzi hulipa ngombe,A person who does something wrong will be punished.,https://mhariri.com/kamusi/learn-swahili/proverbs-in-swahili-and-their-translations-and-meanings/,M,sw,
218,Mla nawe hafi nawe ila mzaliwa nawe,"A friend will run from you when you’re in trouble, but your own relatives will not.",https://mhariri.com/kamusi/learn-swahili/proverbs-in-swahili-and-their-translations-and-meanings/,M,sw,
219,Mlimbua nchi ni mwananchi mwenyewe,The people who live in a country are the ones who should be responsible for it.,https://mhariri.com/kamusi/learn-swahili/proverbs-in-swahili-and-their-translations-and-meanings/,M,sw,
220,Mnyamaa kadumbu,A silent person perseveres.,https://mhariri.com/kamusi/learn-swahili/proverbs-in-swahili-and-their-translations-and-meanings/,M,sw,
221,Mnyonge mnyongeni haki yake mpeni,Help the oppressed and give them their rights.,https://mhariri.com/kamusi/learn-swahili/proverbs-in-swahili-and-their-translations-and-meanings/,M,sw,
222,Mnyonge hana haki mpaka mwenye nguvu apende,The oppressed have no rights until the powerful decide to give them.,https://mhariri.com/kamusi/learn-swahili/proverbs-in-swahili-and-their-translations-and-meanings/,M,sw,
223,Minyonyore haunuki hupendeza mauaye,Something that is not attractive when alive can be beautiful when dead.,https://mhariri.com/kamusi/learn-swahili/proverbs-in-swahili-and-their-translations-and-meanings/,M,sw,
224,Moja shika si kumi nenda rudi,"It is better to have something than nothing, even if it is not much.",https://mhariri.com/kamusi/learn-swahili/proverbs-in-swahili-and-their-translations-and-meanings/,M,sw,
225,Moja ya mkononi yashida mia ya mbali,The less that you own is better than much that are far away.,https://mhariri.com/kamusi/learn-swahili/proverbs-in-swahili-and-their-translations-and-meanings/,M,sw,
226,Mpanda farasi wawili hupasuka msamba,A person who tries to do two things at once will fail.,https://mhariri.com/kamusi/learn-swahili/proverbs-in-swahili-and-their-translations-and-meanings/,M,sw,
227,Mpenzi hana kinyongo,A lover does not hold grudges.,https://mhariri.com/kamusi/learn-swahili/proverbs-in-swahili-and-their-translations-and-meanings/,M,sw,
228,Mpiga ngumi ukuta huumia mkonowe,A person who fights against a wall will only hurt himself.,https://mhariri.com/kamusi/learn-swahili/proverbs-in-swahili-and-their-translations-and-meanings/,M,sw,
229,Mrina haogopi nyuki,A brave person is not afraid of anything.,https://mhariri.com/kamusi/learn-swahili/proverbs-in-swahili-and-their-translations-and-meanings/,M,sw,
230,Msafiri kafiri,A traveler is like a stranger.,https://mhariri.com/kamusi/learn-swahili/proverbs-in-swahili-and-their-translations-and-meanings/,M,sw,
231,Mshale usio na unyoya hauendi mbali,"When you have no support, you will not go far.",https://mhariri.com/kamusi/learn-swahili/proverbs-in-swahili-and-their-translations-and-meanings/,M,sw,
232,Mshika mawili moja humponyoka,A person who tries to do too much will fail.,https://mhariri.com/kamusi/learn-swahili/proverbs-in-swahili-and-their-translations-and-meanings/,M,sw,
233,Mshonaji hachagui nguo,A tailor does not choose clothes.,https://mhariri.com/kamusi/learn-swahili/proverbs-in-swahili-and-their-translations-and-meanings/,M,sw,
234,Msi chembe wala uta si muwani,A person who is not ready is not worth.,https://mhariri.com/kamusi/learn-swahili/proverbs-in-swahili-and-their-translations-and-meanings/,M,sw,
235,Msitu ni mpya na komba nao,"Without experience, you may find it hard for you to do something.",https://mhariri.com/kamusi/learn-swahili/proverbs-in-swahili-and-their-translations-and-meanings/,M,sw,
236,Mstahimilivu hula mbivu,A patient person will eventually succeed.,https://mhariri.com/kamusi/learn-swahili/proverbs-in-swahili-and-their-translations-and-meanings/,M,sw,
237,"Mtafitafi hula samaki, mtulivu hula nyama","A curious person will learn a lot, but a calm person will be content.",https://mhariri.com/kamusi/learn-swahili/proverbs-in-swahili-and-their-translations-and-meanings/,M,sw,
238,Mtaka cha mvungu ni sharti ainame,A person who wants something must make an effort to achieve it.,https://mhariri.com/kamusi/learn-swahili/proverbs-in-swahili-and-their-translations-and-meanings/,M,sw,
239,Mtaka yote hukosa yote,A person who wants everything will end up with nothing.,https://mhariri.com/kamusi/learn-swahili/proverbs-in-swahili-and-their-translations-and-meanings/,M,sw,
240,Mtambua ndwele ndiye mganga,A person who knows the cause of a disease can cure it.,https://mhariri.com/kamusi/learn-swahili/proverbs-in-swahili-and-their-translations-and-meanings/,M,sw,
241,Mtaratibu humshinda mwenye nguvu,A patient person will eventually defeat a powerful person.,https://mhariri.com/kamusi/learn-swahili/proverbs-in-swahili-and-their-translations-and-meanings/,M,sw,
242,"Mtashi hana kinyongo, ajapowaswa hakomi",A person who is not easily offended will not be discouraged.,https://mhariri.com/kamusi/learn-swahili/proverbs-in-swahili-and-their-translations-and-meanings/,M,sw,
243,Mtembezi hula miguu yake,A person who doesn’t settle for good ends up with nothing.,https://mhariri.com/kamusi/learn-swahili/proverbs-in-swahili-and-their-translations-and-meanings/,M,sw,
244,Mteuzi heshi tamaa,A person who is greedy will not be able to make a choice.,https://mhariri.com/kamusi/learn-swahili/proverbs-in-swahili-and-their-translations-and-meanings/,M,sw,
245,Mti upigwao mawe ni wenye matunda,Those who face challenges often reap rewards.,https://mhariri.com/kamusi/learn-swahili/proverbs-in-swahili-and-their-translations-and-meanings/,M,sw,
246,Mtoto akililia wembe mpe,It implyies that one who insists on requesting should have it.,https://mhariri.com/kamusi/learn-swahili/proverbs-in-swahili-and-their-translations-and-meanings/,M,sw,
247,Mtoto musikivu ndiye abarikiwaye,A vigilant child is the blessed one.,https://mhariri.com/kamusi/learn-swahili/proverbs-in-swahili-and-their-translations-and-meanings/,M,sw,
248,Mtoto wa nyoka ni nyoka,"Like father, like son.",https://mhariri.com/kamusi/learn-swahili/proverbs-in-swahili-and-their-translations-and-meanings/,M,sw,
249,"Muamidi cha ndugu, hufa masikini",Relying solely on family support may lead to poverty.,https://mhariri.com/kamusi/learn-swahili/proverbs-in-swahili-and-their-translations-and-meanings/,M,sw,
250,"Mume ni kazi, mke ni nguo",A husband provides for the family while the wife nurtures and cares.,https://mhariri.com/kamusi/learn-swahili/proverbs-in-swahili-and-their-translations-and-meanings/,M,sw,
251,Mume wa mama ni baba,Respect your dad as a father figure.,https://mhariri.com/kamusi/learn-swahili/proverbs-in-swahili-and-their-translations-and-meanings/,M,sw,
252,Mvi usiopambwa vyema huyua,Things that are not well-maintained will eventually deteriorate.,https://mhariri.com/kamusi/learn-swahili/proverbs-in-swahili-and-their-translations-and-meanings/,M,sw,
253,Mvumilivu hula mbivu,Patience leads to good outcomes.,https://mhariri.com/kamusi/learn-swahili/proverbs-in-swahili-and-their-translations-and-meanings/,M,sw,
254,Mvuvi ndiye ajuaye pweza alipo,An expert in a field knows the ins and outs of it.,https://mhariri.com/kamusi/learn-swahili/proverbs-in-swahili-and-their-translations-and-meanings/,M,sw,
255,Mwamini Mungu si mtovu,Those who believe in God are honest and trustworthy.,https://mhariri.com/kamusi/learn-swahili/proverbs-in-swahili-and-their-translations-and-meanings/,M,sw,
256,"Mwana kidonda, mjukuu kovu",A problem may persist through generations.,https://mhariri.com/kamusi/learn-swahili/proverbs-in-swahili-and-their-translations-and-meanings/,M,sw,
257,Mwana maji wa kware kufa maji mazoea,People who are accustomed to something dangerous are not afraid of it.,https://mhariri.com/kamusi/learn-swahili/proverbs-in-swahili-and-their-translations-and-meanings/,M,sw,
258,Mwana wa mhunzi asiposana hufukuta,Children should learn the skills of their parents or ancestors.,https://mhariri.com/kamusi/learn-swahili/proverbs-in-swahili-and-their-translations-and-meanings/,M,sw,
259,Mwana wa mhunzi asiposana huvuvia,Children should learn the skills of their parents or ancestors.,https://mhariri.com/kamusi/learn-swahili/proverbs-in-swahili-and-their-translations-and-meanings/,M,sw,
260,Mwanamaji hutaraji kufa maji,People who are exposed to danger often expect to be harmed.,https://mhariri.com/kamusi/learn-swahili/proverbs-in-swahili-and-their-translations-and-meanings/,M,sw,
261,Mwanzo wa ngoma ni lele,Things often start with a lot of excitement or commotion.,https://mhariri.com/kamusi/learn-swahili/proverbs-in-swahili-and-their-translations-and-meanings/,M,sw,
262,Mwanzo wa mvua ni mawingu,Certain signs precede an event.,https://mhariri.com/kamusi/learn-swahili/proverbs-in-swahili-and-their-translations-and-meanings/,M,sw,
263,Mwenda juu kipungu hafikii mbinguni,People should not set unrealistic goals for themselves.,https://mhariri.com/kamusi/learn-swahili/proverbs-in-swahili-and-their-translations-and-meanings/,M,sw,
264,Mwenda pole hajikwai,It is better to take things slowly and carefully than to rush and make mistakes.,https://mhariri.com/kamusi/learn-swahili/proverbs-in-swahili-and-their-translations-and-meanings/,M,sw,
265,Mwenda tezi na omo marejeo ni ngamani,One who goes away from home will eventually return home – warning against arrogance.,https://mhariri.com/kamusi/learn-swahili/proverbs-in-swahili-and-their-translations-and-meanings/,M,sw,
266,Mwenye dada hakosi shemeji,One with a sister won’t lack a brother-in-law.,https://mhariri.com/kamusi/learn-swahili/proverbs-in-swahili-and-their-translations-and-meanings/,M,sw,
267,Mwenye kelele hana neno,One who makes a lot of noise has no substance – actions speak louder than words.,https://mhariri.com/kamusi/learn-swahili/proverbs-in-swahili-and-their-translations-and-meanings/,M,sw,
268,Mwenye matende hana paja,Implyies that having something valuable may come with a disadvantage.,https://mhariri.com/kamusi/learn-swahili/proverbs-in-swahili-and-their-translations-and-meanings/,M,sw,
269,Mwenye nguvu mpishe,Make way for the strong one – advising deference to those with power or authority.,https://mhariri.com/kamusi/learn-swahili/proverbs-in-swahili-and-their-translations-and-meanings/,M,sw,
270,Mwili wa mwenzio ni kando ya mwilio,You know nothing about someone’s struggles.,https://mhariri.com/kamusi/learn-swahili/proverbs-in-swahili-and-their-translations-and-meanings/,M,sw,
271,Mwizi akishikwa husema kaokota,"When a thief is caught, he claims he was just picking up something.",https://mhariri.com/kamusi/learn-swahili/proverbs-in-swahili-and-their-translations-and-meanings/,M,sw,
272,Mwosha huoshwa,The one who bathes is bathed – suggesting mutual help.,https://mhariri.com/kamusi/learn-swahili/proverbs-in-swahili-and-their-translations-and-meanings/,M,sw,
273,Mwosha husitiri maiti,Bathing doesn’t help a dead man.,https://mhariri.com/kamusi/learn-swahili/proverbs-in-swahili-and-their-translations-and-meanings/,M,sw,
274,Mzaha mzaha hutumbuka usaha,Taking matters lightly may land you in trouble.,https://mhariri.com/kamusi/learn-swahili/proverbs-in-swahili-and-their-translations-and-meanings/,M,sw,
275,Mzigo mzito mpe Mnyamwezi aubebe,Implyies that tasks should be assigned to those who can handle them.,https://mhariri.com/kamusi/learn-swahili/proverbs-in-swahili-and-their-translations-and-meanings/,M,sw,
276,"Mzoea kutwaa, kutoa ni bangu",Getting used to taking but not giving is thieving.,https://mhariri.com/kamusi/learn-swahili/proverbs-in-swahili-and-their-translations-and-meanings/,M,sw,
277,Mzoea udalali hawezi kazi ya duka,Being overly dependent on something may hinder progress.,https://mhariri.com/kamusi/learn-swahili/proverbs-in-swahili-and-their-translations-and-meanings/,M,sw,
278,"Mzoea vya kunyonga, vya kuchinja hawezi",One who is used to handle something will not be able to do another task well.,https://mhariri.com/kamusi/learn-swahili/proverbs-in-swahili-and-their-translations-and-meanings/,M,sw,
279,Mzungu wa kula hafundishwi mwana,A person who is used to luxury cannot be taught to be humble.,https://mhariri.com/kamusi/learn-swahili/proverbs-in-swahili-and-their-translations-and-meanings/,M,sw,
280,Nahodha hodari haogopi mawimbi,A good leader is not afraid of challenges.,https://mhariri.com/kamusi/learn-swahili/proverbs-in-swahili-and-their-translations-and-meanings/,N,sw,
281,Nazi mbovu harabu ya nzima,One bad apple can spoil the whole bunch.,https://mhariri.com/kamusi/learn-swahili/proverbs-in-swahili-and-their-translations-and-meanings/,N,sw,
282,Ncha ikikosa mshale mzima hukosa,"If the tip is missing, the arrow is useless.",https://mhariri.com/kamusi/learn-swahili/proverbs-in-swahili-and-their-translations-and-meanings/,N,sw,
283,Ndaro haina neno,Pride is not necessary about talking about yourself.,https://mhariri.com/kamusi/learn-swahili/proverbs-in-swahili-and-their-translations-and-meanings/,N,sw,
284,Ndege mjanja hunaswa kwenye tundu bovu,A clever person can be tricked by a simple mistake.,https://mhariri.com/kamusi/learn-swahili/proverbs-in-swahili-and-their-translations-and-meanings/,N,sw,
285,Ndege wasiofahamu ulimbo hunaswa kumi kumi,People who are ignorant of a danger are likely to fall victim to it.,https://mhariri.com/kamusi/learn-swahili/proverbs-in-swahili-and-their-translations-and-meanings/,N,sw,
286,Ndoto njema haihadithiwi,Good dreams should not be shared.,https://mhariri.com/kamusi/learn-swahili/proverbs-in-swahili-and-their-translations-and-meanings/,N,sw,
287,Ndovu hashindwi na mkongawe,A large and powerful person cannot be defeated by a small and weak person.,https://mhariri.com/kamusi/learn-swahili/proverbs-in-swahili-and-their-translations-and-meanings/,N,sw,
288,"Ndugu chungu, jirani mkungu",A close relative can be more harmful than a neighbor.,https://mhariri.com/kamusi/learn-swahili/proverbs-in-swahili-and-their-translations-and-meanings/,N,sw,
289,Neno la mbali ni usiku wa giza,A message from a distant place is like a dark night.,https://mhariri.com/kamusi/learn-swahili/proverbs-in-swahili-and-their-translations-and-meanings/,N,sw,
290,Ngalawa isiyo na mirengu haisalimiki,A boat without oars is doomed.,https://mhariri.com/kamusi/learn-swahili/proverbs-in-swahili-and-their-translations-and-meanings/,N,sw,
291,Ngoja ngoja yaumiza matumbo,Procrastination can be harmful.,https://mhariri.com/kamusi/learn-swahili/proverbs-in-swahili-and-their-translations-and-meanings/,N,sw,
292,Ngozi ivute ili maji,Do something before it is too late.,https://mhariri.com/kamusi/learn-swahili/proverbs-in-swahili-and-their-translations-and-meanings/,N,sw,
293,"Nguo ya kuazima, haisitiri matako",Something you don’t own has no lasting benefits.,https://mhariri.com/kamusi/learn-swahili/proverbs-in-swahili-and-their-translations-and-meanings/,N,sw,
294,Ngombe haelemewi na nunduye,You should always bear you responsibilities.,https://mhariri.com/kamusi/learn-swahili/proverbs-in-swahili-and-their-translations-and-meanings/,N,sw,
295,Ngombe mwenye tume ndiye achinjwaye,"When you fear, people will not respect you.",https://mhariri.com/kamusi/learn-swahili/proverbs-in-swahili-and-their-translations-and-meanings/,N,sw,
296,"Nimekula asali udogoni, utamu ungali gegoni",The sweetness of childhood memories still lingers.,https://mhariri.com/kamusi/learn-swahili/proverbs-in-swahili-and-their-translations-and-meanings/,N,sw,
297,Njaa ya leo ni shibe ya kesho,"Hunger today, satisfaction tomorrow.",https://mhariri.com/kamusi/learn-swahili/proverbs-in-swahili-and-their-translations-and-meanings/,N,sw,
298,Njia ya mwongo ni fupi,The path of a liar is short.,https://mhariri.com/kamusi/learn-swahili/proverbs-in-swahili-and-their-translations-and-meanings/,N,sw,
299,"Nyani haoni kundule, huliona la mwenziwe","A stupid person does not see their defects, but sees those of others.",https://mhariri.com/kamusi/learn-swahili/proverbs-in-swahili-and-their-translations-and-meanings/,N,sw,
300,Nyota ya mtu kuzimika,A person’s star can fade.,https://mhariri.com/kamusi/learn-swahili/proverbs-in-swahili-and-their-translations-and-meanings/,N,sw,
301,Nyumba ya mgumba haina kilio,A childless woman’s house does not have crying.,https://mhariri.com/kamusi/learn-swahili/proverbs-in-swahili-and-their-translations-and-meanings/,N,sw,
302,Nyumba ya udongo haihimili kishindo,A house made of mud cannot withstand a strong wind.,https://mhariri.com/kamusi/learn-swahili/proverbs-in-swahili-and-their-translations-and-meanings/,N,sw,
303,Nzi kufa juu ya kidonda si haramu,It is not wrong for a fly to die on a wound.,https://mhariri.com/kamusi/learn-swahili/proverbs-in-swahili-and-their-translations-and-meanings/,N,sw,
304,"Ondoa dari, uezeke paa","Get rid of obstructing things in your life, and rebuild it.",https://mhariri.com/kamusi/learn-swahili/proverbs-in-swahili-and-their-translations-and-meanings/,O,sw,
305,Oto la kuku usilaze kicheche,Do not trust someone with your own things.,https://mhariri.com/kamusi/learn-swahili/proverbs-in-swahili-and-their-translations-and-meanings/,O,sw,
306,Pahala pa itifaki ikirahi haipiti,A place where there is agreement there is no disagreements.,https://mhariri.com/kamusi/learn-swahili/proverbs-in-swahili-and-their-translations-and-meanings/,P,sw,
307,Paka akiondoka panya hujitawala,"When there is no authority, people will govern themselves.",https://mhariri.com/kamusi/learn-swahili/proverbs-in-swahili-and-their-translations-and-meanings/,P,sw,
308,Paka akiondoka panya hutawala,"When there is no one in charge, people will do the way they please.",https://mhariri.com/kamusi/learn-swahili/proverbs-in-swahili-and-their-translations-and-meanings/,P,sw,
309,Paka hakubali kulala chali,Don’t agree to do something if it is not aligned with your customs.,https://mhariri.com/kamusi/learn-swahili/proverbs-in-swahili-and-their-translations-and-meanings/,P,sw,
310,Paka mafuta kwa mgongo wa chupa,To be a liar.,https://mhariri.com/kamusi/learn-swahili/proverbs-in-swahili-and-their-translations-and-meanings/,P,sw,
311,"Palilia mkoche, mnazi wende na nyasi",You should prioritize important things first.,https://mhariri.com/kamusi/learn-swahili/proverbs-in-swahili-and-their-translations-and-meanings/,P,sw,
312,Panapo udhiapenyeza rupia,Where there is a problem there is a way.,https://mhariri.com/kamusi/learn-swahili/proverbs-in-swahili-and-their-translations-and-meanings/,P,sw,
313,Papo kwa papo kamba hukata jiwe,"In face of challenges, endure and eventually you will succeed.",https://mhariri.com/kamusi/learn-swahili/proverbs-in-swahili-and-their-translations-and-meanings/,P,sw,
314,Pato kuu ni la Mungu apaye wawi na wema,"The main income comes from God, who blesses with kindness.",https://mhariri.com/kamusi/learn-swahili/proverbs-in-swahili-and-their-translations-and-meanings/,P,sw,
315,"Pema ijapo pema, ukipema sana si pema tena","Even if something seems perfect, excessive perfection may lead to imperfection.",https://mhariri.com/kamusi/learn-swahili/proverbs-in-swahili-and-their-translations-and-meanings/,P,sw,
316,Pembe za chaki,Private place.,https://mhariri.com/kamusi/learn-swahili/proverbs-in-swahili-and-their-translations-and-meanings/,P,sw,
317,Penye nia pana njia,"Where there is a will, there is a way.",https://mhariri.com/kamusi/learn-swahili/proverbs-in-swahili-and-their-translations-and-meanings/,P,sw,
318,Penye uchafu hapakosi nzi,"Where there is dirt, flies are not absent. i.e., A bad environment attracts undesirable elements.",https://mhariri.com/kamusi/learn-swahili/proverbs-in-swahili-and-their-translations-and-meanings/,P,sw,
319,"Pilipili usiyoila yakuwashia nini? (Why are you bothered by the things that are not your own?) Pilipili iliyo shambani, yakuwashiani? (Why are you bothered by the things that haven’t happened?) Pitapita zake hazininyimi usingizi",I’m not bothered by their actions.,https://mhariri.com/kamusi/learn-swahili/proverbs-in-swahili-and-their-translations-and-meanings/,P,sw,
320,Polepole ndiyo mwendo,"Slowly is the way to go. i.e., Patience is important.",https://mhariri.com/kamusi/learn-swahili/proverbs-in-swahili-and-their-translations-and-meanings/,P,sw,
321,Punda haendi ila kwa mikwaju,Some people only respond to force.,https://mhariri.com/kamusi/learn-swahili/proverbs-in-swahili-and-their-translations-and-meanings/,P,sw,
322,Radhi ni bora kuliko mali,Contentment is better than wealth.,https://mhariri.com/kamusi/learn-swahili/proverbs-in-swahili-and-their-translations-and-meanings/,R,sw,
323,Rahisi haihalisi,"Easy is not always real. i.e., Easy come, easy go.",https://mhariri.com/kamusi/learn-swahili/proverbs-in-swahili-and-their-translations-and-meanings/,R,sw,
324,"Samaki mkunje angali mbichi, akishakauka hakunjiki","Bend a fish while it’s still fresh; once it dries, it won’t bend.",https://mhariri.com/kamusi/learn-swahili/proverbs-in-swahili-and-their-translations-and-meanings/,S,sw,
325,Samaki mmoja aki huoza wote wameoza,"If one fish rot in a backet, all are rotten.",https://mhariri.com/kamusi/learn-swahili/proverbs-in-swahili-and-their-translations-and-meanings/,S,sw,
326,Shauku huondoa maarifa,Enthusiasm removes knowledge.,https://mhariri.com/kamusi/learn-swahili/proverbs-in-swahili-and-their-translations-and-meanings/,S,sw,
327,Sheria ni msumeno hukata huku na huku,The law is a double-edged sword; it cuts both ways.,https://mhariri.com/kamusi/learn-swahili/proverbs-in-swahili-and-their-translations-and-meanings/,S,sw,
328,Sheria ni msumeno hukata mbele na nyuma,The law is a double-edged sword; it cuts front and back.,https://mhariri.com/kamusi/learn-swahili/proverbs-in-swahili-and-their-translations-and-meanings/,S,sw,
329,Shetani wa mtu ni mtu,A person’s devil is another person.,https://mhariri.com/kamusi/learn-swahili/proverbs-in-swahili-and-their-translations-and-meanings/,S,sw,
330,Shibe ni mwana malevya na njaa ni mwana malegeza,"A full stomach makes you lazy, and hunger makes you active.",https://mhariri.com/kamusi/learn-swahili/proverbs-in-swahili-and-their-translations-and-meanings/,S,sw,
331,Shukurani ya punda ni mateke,A donkey’s gratitude is a kick.,https://mhariri.com/kamusi/learn-swahili/proverbs-in-swahili-and-their-translations-and-meanings/,S,sw,
332,Sikio la kufa halisikii dawa,Some people won’t accept advice.,https://mhariri.com/kamusi/learn-swahili/proverbs-in-swahili-and-their-translations-and-meanings/,S,sw,
333,Siku njema huonekana asubuhi,"A good day is seen in the morning. i.e., A positive start leads to a good day.",https://mhariri.com/kamusi/learn-swahili/proverbs-in-swahili-and-their-translations-and-meanings/,S,sw,
334,Siri ya mtungi aijuaye kata,You know nothing about something until you experience it.,https://mhariri.com/kamusi/learn-swahili/proverbs-in-swahili-and-their-translations-and-meanings/,S,sw,
335,Siri ya kaburi aijuaye maiti,"The secret of the grave is known by the dead. i.e., Some things are better left unknown.",https://mhariri.com/kamusi/learn-swahili/proverbs-in-swahili-and-their-translations-and-meanings/,S,sw,
336,Sisimizi hawi ngombe,"An ant cannot become a cow. i.e., Know your limitations.",https://mhariri.com/kamusi/learn-swahili/proverbs-in-swahili-and-their-translations-and-meanings/,S,sw,
337,Sitafuga ndwele na waganga tele,Don’t hide sickness yet there are doctors.,https://mhariri.com/kamusi/learn-swahili/proverbs-in-swahili-and-their-translations-and-meanings/,S,sw,
338,Subira yavuta heri,"Patience attracts blessings. i.e., Good things come to those who wait.",https://mhariri.com/kamusi/learn-swahili/proverbs-in-swahili-and-their-translations-and-meanings/,S,sw,
339,Taa haachi mwiba awe,One should be cautious even after achieving success.,https://mhariri.com/kamusi/learn-swahili/proverbs-in-swahili-and-their-translations-and-meanings/,T,sw,
340,Tabia ya mtu kupenda mambo ya anasa na starehe,People have a habit of loving luxury and pleasure.,https://mhariri.com/kamusi/learn-swahili/proverbs-in-swahili-and-their-translations-and-meanings/,T,sw,
341,Tikiti baya liko shambani mwako,You have your own problems to deal with.,https://mhariri.com/kamusi/learn-swahili/proverbs-in-swahili-and-their-translations-and-meanings/,T,sw,
342,"Titi la mama li tamu, jingine haliishi hamu",Be satisfied with what you have.,https://mhariri.com/kamusi/learn-swahili/proverbs-in-swahili-and-their-translations-and-meanings/,T,sw,
343,Tone na tone huwa mchirizi,Consistent efforts lead to success.,https://mhariri.com/kamusi/learn-swahili/proverbs-in-swahili-and-their-translations-and-meanings/,T,sw,
344,Tupa jongoo na mti wake,Deal with a problem at its source.,https://mhariri.com/kamusi/learn-swahili/proverbs-in-swahili-and-their-translations-and-meanings/,T,sw,
345,Turufu huenda kwa mchezaji,The one in control has the advantage.,https://mhariri.com/kamusi/learn-swahili/proverbs-in-swahili-and-their-translations-and-meanings/,T,sw,
346,Ubaya hatima yake mbaya,"Evil, its end is bad.",https://mhariri.com/kamusi/learn-swahili/proverbs-in-swahili-and-their-translations-and-meanings/,U,sw,
347,Ubishi chanzo cha mateto,Argument is the source of disputes.,https://mhariri.com/kamusi/learn-swahili/proverbs-in-swahili-and-their-translations-and-meanings/,U,sw,
348,Uchungu wa mwana aujuaye mzazi,"Only the parent knows the pain of the child. i.e., Parents understand their children the best.",https://mhariri.com/kamusi/learn-swahili/proverbs-in-swahili-and-their-translations-and-meanings/,U,sw,
349,Udogo wa kimo una mambo,"Short stature has its advantages. i.e., Small stature doesn’t limit potential.",https://mhariri.com/kamusi/learn-swahili/proverbs-in-swahili-and-their-translations-and-meanings/,U,sw,
350,Ufukara hufanya mtu awe na udhalili moyoni,Poverty makes a person have humility in their heart.,https://mhariri.com/kamusi/learn-swahili/proverbs-in-swahili-and-their-translations-and-meanings/,U,sw,
351,Uhalifu mwenenzi si wa mkazi milele,"A crime partner is not a permanent resident. i.e., Betrayal is inevitable.",https://mhariri.com/kamusi/learn-swahili/proverbs-in-swahili-and-their-translations-and-meanings/,U,sw,
352,Uhenga hauambiwi maana,It is not wise to tell people the bad things they did in the past.,https://mhariri.com/kamusi/learn-swahili/proverbs-in-swahili-and-their-translations-and-meanings/,U,sw,
353,Uislamu umemshinda fisi,A strong and righteous force prevails.,https://mhariri.com/kamusi/learn-swahili/proverbs-in-swahili-and-their-translations-and-meanings/,U,sw,
354,Ujana ni moshi ukienda haurudi,"Youth is like smoke; once it’s gone, it doesn’t return. i.e., Make the most of your youth.",https://mhariri.com/kamusi/learn-swahili/proverbs-in-swahili-and-their-translations-and-meanings/,U,sw,
355,Ujanja mwingi mbele giza,"Too much cunningness precedes darkness. i.e., Deceit can lead to downfall.",https://mhariri.com/kamusi/learn-swahili/proverbs-in-swahili-and-their-translations-and-meanings/,U,sw,
356,Ukiiga tembo kunya utapasuka msamba,"If you imitate an elephant in popping, your rectum will tear. i.e., Know your limits.",https://mhariri.com/kamusi/learn-swahili/proverbs-in-swahili-and-their-translations-and-meanings/,U,sw,
357,Uking’wafua mnofu ukumbuke na kuguguna mfupa,"If you slaughter fat, remember to gnaw on the bone. i.e., Make the most of what you have.",https://mhariri.com/kamusi/learn-swahili/proverbs-in-swahili-and-their-translations-and-meanings/,U,sw,
358,Ukiona ambari na zinduna i papo,Recognize opportunities when they arise.,https://mhariri.com/kamusi/learn-swahili/proverbs-in-swahili-and-their-translations-and-meanings/,U,sw,
359,"Ukiona ambari, zinduna ipapo","Where there’s something valuable, more is likely to be found.",https://mhariri.com/kamusi/learn-swahili/proverbs-in-swahili-and-their-translations-and-meanings/,U,sw,
360,Ukiona vyaelea vimeundwa,Nothing happens without effort.,https://mhariri.com/kamusi/learn-swahili/proverbs-in-swahili-and-their-translations-and-meanings/,U,sw,
361,Ukipenda chongo huita kengeza,People often mock what they desire.,https://mhariri.com/kamusi/learn-swahili/proverbs-in-swahili-and-their-translations-and-meanings/,U,sw,
362,Ukistaajabu ya Musa utayaona ya firauni,"The more you see, the more you will be amazed.",https://mhariri.com/kamusi/learn-swahili/proverbs-in-swahili-and-their-translations-and-meanings/,U,sw,
363,Ukitaja nyoka shika kigongo,"Be careful what you say, you might just be inviting trouble.",https://mhariri.com/kamusi/learn-swahili/proverbs-in-swahili-and-their-translations-and-meanings/,U,sw,
364,Ukitaka kujua utamu wangoma ingia ucheze,"To know the taste of honey, you must taste it yourself.",https://mhariri.com/kamusi/learn-swahili/proverbs-in-swahili-and-their-translations-and-meanings/,U,sw,
365,"Ukitaka kuruka, agana na nyonga","To fly, you must be prepared to take risks.",https://mhariri.com/kamusi/learn-swahili/proverbs-in-swahili-and-their-translations-and-meanings/,U,sw,
366,Ukitaka riba sikio ziba,"If you don’t want to hear about something, just ignore it.",https://mhariri.com/kamusi/learn-swahili/proverbs-in-swahili-and-their-translations-and-meanings/,U,sw,
367,Ukitenda wema usingoje kulipwa,Do good without expecting anything in return.,https://mhariri.com/kamusi/learn-swahili/proverbs-in-swahili-and-their-translations-and-meanings/,U,sw,
368,Ukubwa ni jaa,Greatness is a burden.,https://mhariri.com/kamusi/learn-swahili/proverbs-in-swahili-and-their-translations-and-meanings/,U,sw,
369,Ukubwa wa pua si wingi wa kamasi,Appearances can be deceiving.,https://mhariri.com/kamusi/learn-swahili/proverbs-in-swahili-and-their-translations-and-meanings/,U,sw,
370,Ukuukuu wa kamba si upya wa ukambaa,Experience is more important than youth.,https://mhariri.com/kamusi/learn-swahili/proverbs-in-swahili-and-their-translations-and-meanings/,U,sw,
371,Ukweli ukidhihiri uongo hujitenga,Truth will always prevail over lies.,https://mhariri.com/kamusi/learn-swahili/proverbs-in-swahili-and-their-translations-and-meanings/,U,sw,
372,Ulimi hauna mfupa,Words can be very hurtful.,https://mhariri.com/kamusi/learn-swahili/proverbs-in-swahili-and-their-translations-and-meanings/,U,sw,
373,Ulimwengu ni dhaifu siuoneni sheshe,"The world is fragile, treat it with care, don’t be attracted by passing things.",https://mhariri.com/kamusi/learn-swahili/proverbs-in-swahili-and-their-translations-and-meanings/,U,sw,
374,Umoja ni nguvu utengano ni udhaifu,"Unity is strength, division is weakness.",https://mhariri.com/kamusi/learn-swahili/proverbs-in-swahili-and-their-translations-and-meanings/,U,sw,
375,Upeo wa macho si mwisho wa dunia,There is always more to learn.,https://mhariri.com/kamusi/learn-swahili/proverbs-in-swahili-and-their-translations-and-meanings/,U,sw,
376,Ushikwapo shikamana,"When things get tough, get tougher too.",https://mhariri.com/kamusi/learn-swahili/proverbs-in-swahili-and-their-translations-and-meanings/,U,sw,
377,Usiache mbachao kwa msala upitao,Don’t give up on your dreams for something that is only temporary.,https://mhariri.com/kamusi/learn-swahili/proverbs-in-swahili-and-their-translations-and-meanings/,U,sw,
378,Usidharau dafu embe ni tunda la msimu,Don’t underestimate someone or something just because they are not popular or fashionable.,https://mhariri.com/kamusi/learn-swahili/proverbs-in-swahili-and-their-translations-and-meanings/,U,sw,
379,Usidharau kiserema chalima kuliko jembe zima,Don’t underestimate someone or something just because they are small or insignificant.,https://mhariri.com/kamusi/learn-swahili/proverbs-in-swahili-and-their-translations-and-meanings/,U,sw,
380,Usicheze na simba ukamtia mkono kinywani,Don’t mess with someone who is stronger than you.,https://mhariri.com/kamusi/learn-swahili/proverbs-in-swahili-and-their-translations-and-meanings/,U,sw,
381,"Usigombe na mkwezi, nazi imeliwa na mwezi",Don’t argue with someone who has done you no wrong.,https://mhariri.com/kamusi/learn-swahili/proverbs-in-swahili-and-their-translations-and-meanings/,U,sw,
382,Usikate ubeleko mtoto kabla hajazaliwa,Don’t count your chickens before they hatch.,https://mhariri.com/kamusi/learn-swahili/proverbs-in-swahili-and-their-translations-and-meanings/,U,sw,
383,Usimlaumu udobi kaniki ni rangi yake,Don’t blame someone for their natural characteristics.,https://mhariri.com/kamusi/learn-swahili/proverbs-in-swahili-and-their-translations-and-meanings/,U,sw,
384,Usimwage mtama kwenye kuku wengi,Don’t waste your time or resources on something that is not worth it.,https://mhariri.com/kamusi/learn-swahili/proverbs-in-swahili-and-their-translations-and-meanings/,U,sw,
385,Usinipake mafuta kwa mgongo wa chupa,Don’t treat me like a fool.,https://mhariri.com/kamusi/learn-swahili/proverbs-in-swahili-and-their-translations-and-meanings/,U,sw,
386,Usinivishe kilemba cha ukoka,Don’t give me false hopes.,https://mhariri.com/kamusi/learn-swahili/proverbs-in-swahili-and-their-translations-and-meanings/,U,sw,
387,Usione tanga la nguo ukasahau la myaa,Don’t focus on the small things and forget the big picture.,https://mhariri.com/kamusi/learn-swahili/proverbs-in-swahili-and-their-translations-and-meanings/,U,sw,
388,Usipoziba ufa utajenga ukuta,"If you don’t fix a small problem, it will only get worse.",https://mhariri.com/kamusi/learn-swahili/proverbs-in-swahili-and-their-translations-and-meanings/,U,sw,
389,Utajiri ni kivuli,Wealth is fleeting.,https://mhariri.com/kamusi/learn-swahili/proverbs-in-swahili-and-their-translations-and-meanings/,U,sw,
390,Uuzohali ni nyumba ya njaa,Laziness leads to poverty.,https://mhariri.com/kamusi/learn-swahili/proverbs-in-swahili-and-their-translations-and-meanings/,U,sw,
391,Uzuri wa mkakasi ndani kipande cha mti,Beauty can be outside but inside there is nothing.,https://mhariri.com/kamusi/learn-swahili/proverbs-in-swahili-and-their-translations-and-meanings/,U,sw,
392,Uzuri wa mkakasi ukilowa maji basi,Don’t be deceived by outside beauty.,https://mhariri.com/kamusi/learn-swahili/proverbs-in-swahili-and-their-translations-and-meanings/,U,sw,
393,"Vita vya panzi, furaha ya kunguru",A conflict between two weak parties benefits a third party.,https://mhariri.com/kamusi/learn-swahili/proverbs-in-swahili-and-their-translations-and-meanings/,V,sw,
394,Vundo la kinyesi ni malazi ya paka/bata,Some find comfort in undesirable situations.,https://mhariri.com/kamusi/learn-swahili/proverbs-in-swahili-and-their-translations-and-meanings/,V,sw,
395,Vunja dari uezeke paa,Invest in improvement and progress.,https://mhariri.com/kamusi/learn-swahili/proverbs-in-swahili-and-their-translations-and-meanings/,V,sw,
396,Wanja wa manga si dawa ya chongo,A superficial solution is not a real solution.,https://mhariri.com/kamusi/learn-swahili/proverbs-in-swahili-and-their-translations-and-meanings/,W,sw,
397,Waraka ni nusu ya kuonana,"Communication is important, even if it is not in person.",https://mhariri.com/kamusi/learn-swahili/proverbs-in-swahili-and-their-translations-and-meanings/,W,sw,
398,Wema hauozi,Good deeds are always remembered,https://mhariri.com/kamusi/learn-swahili/proverbs-in-swahili-and-their-translations-and-meanings/,W,sw,
399,Werevu mwingi mbele giza,Being too clever can lead to trouble.,https://mhariri.com/kamusi/learn-swahili/proverbs-in-swahili-and-their-translations-and-meanings/,W,sw,
400,Ya Kaizari mpe Kaizari na ya Mungu mpe Mungu,Give to Caesar what belongs to Caesar and to God what belongs to God.,https://mhariri.com/kamusi/learn-swahili/proverbs-in-swahili-and-their-translations-and-meanings/,Y,sw,
401,Ya mgambo ikilia kuna jambo,A warning sign is a sign of danger.,https://mhariri.com/kamusi/learn-swahili/proverbs-in-swahili-and-their-translations-and-meanings/,Y,sw,
402,Ya mkiwa haiiti na ikiita hupapata,"A poor man’s business has no profit, if it does is by lucky.",https://mhariri.com/kamusi/learn-swahili/proverbs-in-swahili-and-their-translations-and-meanings/,Y,sw,
403,"Ya mkiwa haiiti, na ikiita hupapa","A poor man’s business has no profit, if it does is by lucky.",https://mhariri.com/kamusi/learn-swahili/proverbs-in-swahili-and-their-translations-and-meanings/,Y,sw,
404,Yaliyompata peku na ungo yatampata,What happens to him may happen to you.,https://mhariri.com/kamusi/learn-swahili/proverbs-in-swahili-and-their-translations-and-meanings/,Y,sw,
405,Yaliyopita si ndwele tugange yajayo,"Don’t dwell on the past, learn from it and move on.",https://mhariri.com/kamusi/learn-swahili/proverbs-in-swahili-and-their-translations-and-meanings/,Y,sw,
406,Yaliyopita si uele tugange yajayo,"Don’t dwell on the past, learn from it and move on.",https://mhariri.com/kamusi/learn-swahili/proverbs-in-swahili-and-their-translations-and-meanings/,Y,sw,
407,"Yuajifanya mawele, kujitia mitini, ili aambiwe naye yumo","Someone who tries to be something that he is not, in order to be accepted.",https://mhariri.com/kamusi/learn-swahili/proverbs-in-swahili-and-their-translations-and-meanings/,Y,sw,
408,Zana za vita ni silaha,War is fought by weapons.,https://mhariri.com/kamusi/learn-swahili/proverbs-in-swahili-and-their-translations-and-meanings/,Z,sw,
